{
  "sizes": {
    "appointments": 7,
    "congress": 16,
    "electoral/margin": 29,
    "nomination": 14,
    "other": 47,
    "presidential": 45,
    "state-level": 38
  },
  "subtopics": [
    "appointments",
    "congress",
    "electoral/margin",
    "nomination",
    "other",
    "presidential",
    "state-level"
  ],
  "leadingness": {
    "appointments": 0.03564841824848286,
    "congress": 0.08928090274733808,
    "electoral/margin": -0.10358489185598602,
    "nomination": -0.05945103938536914,
    "other": -0.07083350239225517,
    "presidential": 0.010663517979856652,
    "state-level": 0.09827659465793274
  },
  "leadingness_z": {
    "appointments": 0.38064632788927627,
    "congress": 1.3348223497950658,
    "electoral/margin": -1.895233085466979,
    "nomination": -0.8413586901963742,
    "other": -1.5580807564723336,
    "presidential": 0.228220688162614,
    "state-level": 1.949377327268733
  },
  "flow_matrix": [
    [
      0.0,
      -0.02133938867598057,
      0.02034057945396271,
      0.05283385537672972,
      0.011770824325331889,
      -0.0009977854351981808,
      -0.026959666796362705
    ],
    [
      0.02133938867598057,
      0.0,
      0.06225059491709861,
      -0.009836514640729915,
      0.030023449669655398,
      -0.006262805630143485,
      -0.008233210244523089
    ],
    [
      -0.02034057945396271,
      -0.062250594917098605,
      0.0,
      0.004963755595018324,
      0.008171621283699514,
      -0.006220658494386483,
      -0.027908435869256072
    ],
    [
      -0.052833855376729716,
      0.009836514640729916,
      -0.004963755595018324,
      0.0,
      0.015138207990666527,
      -0.0003056935576252566,
      -0.02632245748739229
    ],
    [
      -0.011770824325331893,
      -0.030023449669655394,
      -0.008171621283699512,
      -0.015138207990666529,
      0.0,
      -0.004253917031290697,
      -0.0014754820916111303
    ],
    [
      0.0009977854351981865,
      0.006262805630143484,
      0.006220658494386482,
      0.0003056935576252566,
      0.004253917031290699,
      0.0,
      -0.007377342168787457
    ],
    [
      0.02695966679636271,
      0.008233210244523089,
      0.027908435869256072,
      0.026322457487392294,
      0.0014754820916111314,
      0.007377342168787457,
      0.0
    ]
  ],
  "significant_edges": [
    {
      "lead": "appointments",
      "lag": "nomination",
      "net_flow": 0.05283385537672972,
      "p": 0.04247876061969016
    },
    {
      "lead": "congress",
      "lag": "electoral/margin",
      "net_flow": 0.06225059491709861,
      "p": 0.0004997501249375312
    },
    {
      "lead": "congress",
      "lag": "other",
      "net_flow": 0.030023449669655398,
      "p": 0.0239880059970015
    },
    {
      "lead": "state-level",
      "lag": "electoral/margin",
      "net_flow": 0.027908435869256072,
      "p": 0.013993003498250875
    },
    {
      "lead": "state-level",
      "lag": "nomination",
      "net_flow": 0.026322457487392294,
      "p": 0.046476761619190406
    }
  ]
}