cluster,size,leadingness,dominant_category
C0,41,0.1479600713596366,Politics (14/41)
C6,48,0.052167130143580244,Politics (30/48)
C4,81,0.018583893039845912,Politics (46/81)
C1,51,0.015050938564201893,Politics (37/51)
C3,37,-0.06394342567207978,Sports (26/37)
C5,48,-0.07866345431360261,Politics (22/48)
C2,48,-0.09115515312158225,Politics (41/48)
