{
  "pc1_var_explained": 0.1051360596548613,
  "n_edges_original": 8676,
  "n_edges_residualized": 9304,
  "edges_survived": 7002,
  "edge_survival_frac": 0.8070539419087137,
  "cluster_ranking_spearman": 0.8571428571428573,
  "cluster_leadingness_original": [
    5.175657553270597,
    0.5672423844067198,
    -3.426693118525778,
    -1.5066580035666433,
    1.0183758844491568,
    -4.761827975302839,
    2.6078248063858447
  ],
  "cluster_leadingness_residualized": [
    4.238979320301083,
    1.3534472207414912,
    -2.7730259290795645,
    1.0600483072757405,
    -2.35121399828547,
    -5.639897656760948,
    6.504644129627184
  ]
}