{
  "tau_dep": 1.2502217762404617,
  "n_nodes": 354,
  "volume_stratified": [
    {
      "tercile": 0,
      "n": 118,
      "edges": 1225,
      "density": 0.08872953788208025,
      "leadingness_std": 5.365054800750864,
      "vol_min": 830972.578154,
      "vol_max": 2267278.199233
    },
    {
      "tercile": 1,
      "n": 118,
      "edges": 858,
      "density": 0.062146892655367235,
      "leadingness_std": 4.995551650770707,
      "vol_min": 2269863.269023,
      "vol_max": 7048870.471444
    },
    {
      "tercile": 2,
      "n": 118,
      "edges": 882,
      "density": 0.06388526727509779,
      "leadingness_std": 5.342288253157455,
      "vol_min": 7059606.46183396,
      "vol_max": 1531479284.504353
    }
  ],
  "full_density": 0.0694291064483603,
  "regression": {
    "r2": 0.0062309189380166385,
    "slope": -0.7194226510207081,
    "slope_pvalue": 0.1382774969110712
  },
  "placebo": {
    "null_r2_mean": 0.0027858176980794,
    "null_r2_p95": 0.010874704539171694,
    "observed_r2": 0.0062309189380166385,
    "placebo_pvalue": 0.13386613386613386
  }
}